Protein,Start,End,Sequence,MaxUptake,MHP,State,Exposure,z,N,RT_ave,RT_SD,Center_ave,Center_SD,Uptake_ave,Uptake_SD,RU_ave,RU_SD,Correction,Reason
XYLE_ECOLI,1,8,MNTQYNSS,7,944.3778,XylE E397Q,0,2,5,3.39519771614081,0.0077429339681834,472.901584709364,0.0122435063915076,0,0,0,0,Not corrected,Discarded charge state
XYLE_ECOLI,1,8,MNTQYNSS,7,944.3778,XylE E397Q,0.5,2,2,3.36746523900777,0.0325862767862454,474.263070480198,0.0115821157623865,2.7229715416673,0.0337074979369403,0.388995934523899,0.00481535684813436,Not corrected,Discarded charge state
XYLE_ECOLI,1,8,MNTQYNSS,7,944.3778,XylE E397Q,5,2,3,3.39534450228227,0.00438472491584456,474.260577175217,0.0217869846810185,2.71798493170573,0.0499830431346401,0.388283561672247,0.00714043473352003,Not corrected,Discarded charge state
XYLE_ECOLI,1,8,MNTQYNSS,7,944.3778,XylE E397Q,30,2,3,3.37125675385481,0.0122140857374974,474.241302038166,0.0263065451120151,2.67943465760322,0.0580323276972198,0.382776379657603,0.00829033252817427,Not corrected,Discarded charge state
XYLE_ECOLI,1,8,MNTQYNSS,7,944.3778,XylE WT,0,2,5,3.39519771614081,0.0077429339681834,472.901584709364,0.0122435063915076,0,0,0,0,Not corrected,Discarded charge state
XYLE_ECOLI,1,8,MNTQYNSS,7,944.3778,XylE WT,0.5,2,3,3.39587691216663,0.00293839014262844,474.283513345336,0.136499358436964,2.76385727194373,0.274094715764179,0.394836753134819,0.0391563879663114,Not corrected,Discarded charge state
XYLE_ECOLI,1,8,MNTQYNSS,7,944.3778,XylE WT,5,2,3,3.4084112239897,0.00298936987250911,474.230647821206,0.112033599139921,2.65812622368411,0.225401249197988,0.379732317669159,0.0322001784568555,Not corrected,Discarded charge state
XYLE_ECOLI,1,8,MNTQYNSS,7,944.3778,XylE WT,30,2,3,3.38571067940373,0.00747414816139456,474.21935476944,0.0915143079239806,2.6355401201531,0.184659383769837,0.376505731450443,0.0263799119671196,Not corrected,Discarded charge state
XYLE_ECOLI,31,40,ISGTVESLNT,9,1020.5208,XylE E397Q,0,2,5,4.42551688546372,0.00446827210531733,510.988579400746,0.0106685018071335,0,0,0,0,Not corrected,Discarded charge state
XYLE_ECOLI,31,40,ISGTVESLNT,9,1020.5208,XylE E397Q,0.5,2,3,4.41989565463766,0.00644934886530222,511.030811277555,0.00412060254824187,0.0844637536177508,0.0228732416740075,0.00938486151308342,0.00254147129711194,Not corrected,Discarded charge state
XYLE_ECOLI,31,40,ISGTVESLNT,9,1020.5208,XylE E397Q,5,2,3,4.42604472555922,0.000403626973834031,511.148501591325,0.00532764827020892,0.319844381158801,0.0238495926086691,0.0355382645732002,0.00264995473429657,Not corrected,Discarded charge state
XYLE_ECOLI,31,40,ISGTVESLNT,9,1020.5208,XylE E397Q,30,2,3,4.42922028117061,0.00597885907844511,511.473151095276,0.0162719529867544,0.969143389061493,0.0389149526435254,0.10768259878461,0.00432388362705838,Not corrected,Discarded charge state
XYLE_ECOLI,31,40,ISGTVESLNT,9,1020.5208,XylE WT,0,2,5,4.42551688546372,0.00446827210531733,510.988579400746,0.0106685018071335,0,0,0,0,Not corrected,Discarded charge state
XYLE_ECOLI,31,40,ISGTVESLNT,9,1020.5208,XylE WT,0.5,2,3,4.42193828303194,0.00174012750480337,511.093528880869,0.0167004568701894,0.209898960245817,0.0396344390893509,0.0233221066939797,0.00440382656548344,Not corrected,Discarded charge state
XYLE_ECOLI,31,40,ISGTVESLNT,9,1020.5208,XylE WT,5,2,3,4.41939147642611,0.00460974273602692,511.552037358036,0.056230124558546,1.1269159145805,0.114466481359015,0.125212879397834,0.0127184979287794,Not corrected,Discarded charge state
XYLE_ECOLI,31,40,ISGTVESLNT,9,1020.5208,XylE WT,30,2,3,4.41895678515182,0.00516170529822902,511.918689286704,0.104422122508781,1.8602197719167,0.209931384981357,0.206691085768522,0.023325709442373,Not corrected,Discarded charge state
XYLE_ECOLI,41,48,VFVAPQNL,6,887.4985,XylE E397Q,0,2,5,5.49250864462723,0.00635432588932706,444.450429267733,0.0195004328967351,0,0,0,0,Not corrected,Discarded charge state
XYLE_ECOLI,41,48,VFVAPQNL,6,887.4985,XylE E397Q,0.5,2,3,5.49432486194163,0.0115325157269101,444.734247783442,0.0397515596183825,0.567637031418807,0.0885540145957006,0.0946061719031344,0.0147590024326168,Not corrected,Discarded charge state
XYLE_ECOLI,41,48,VFVAPQNL,6,887.4985,XylE E397Q,5,2,3,5.50419116596839,0.00253471869201578,444.787482965342,0.017007529111488,0.674107395218238,0.0517502823040871,0.112351232536373,0.00862504705068118,Not corrected,Discarded charge state
XYLE_ECOLI,41,48,VFVAPQNL,6,887.4985,XylE E397Q,30,2,3,5.50026398985759,0.00772738480815459,444.942264579302,0.0100151917242101,0.983670623138939,0.0438438569668661,0.16394510385649,0.00730730949447768,Not corrected,Discarded charge state
XYLE_ECOLI,41,48,VFVAPQNL,6,887.4985,XylE WT,0,2,5,5.49250864462723,0.00635432588932706,444.450429267733,0.0195004328967351,0,0,0,0,Not corrected,Discarded charge state
XYLE_ECOLI,41,48,VFVAPQNL,6,887.4985,XylE WT,0.5,2,3,5.492168646758,0.00611893304075714,444.757298761649,0.0315907741980975,0.613738987833267,0.0742494147477339,0.102289831305544,0.0123749024579557,Not corrected,Discarded charge state
XYLE_ECOLI,41,48,VFVAPQNL,6,887.4985,XylE WT,5,2,3,5.49745913906968,0.00853467075203013,444.89414989219,0.0205901452788441,0.88744124891512,0.0567175798413145,0.147906874819187,0.00945292997355242,Not corrected,Discarded charge state
XYLE_ECOLI,41,48,VFVAPQNL,6,887.4985,XylE WT,30,2,3,5.48838250345176,0.00898310879482918,445.211075168566,0.0263960057095783,1.52129180166633,0.0656358438836633,0.253548633611055,0.0109393073139439,Not corrected,Discarded charge state
XYLE_ECOLI,49,59,SESAANSLLGF,10,1095.5317,XylE E397Q,0,2,5,6.63022841182981,0.00377476992355882,548.60824251103,0.0302792415748666,0,0,0,0,Not corrected,Discarded charge state
XYLE_ECOLI,49,59,SESAANSLLGF,10,1095.5317,XylE E397Q,0.5,2,3,6.62898189280971,0.00452451737360408,548.879595566271,0.0305762761318229,0.542706110483263,0.0860637236572672,0.0542706110483264,0.00860637236572672,Not corrected,Discarded charge state
XYLE_ECOLI,49,59,SESAANSLLGF,10,1095.5317,XylE E397Q,5,2,3,6.63269044392291,0.00413202107789678,548.90074415073,0.0505938842139078,0.585003279400393,0.117924952239964,0.0585003279400393,0.0117924952239964,Not corrected,Discarded charge state
XYLE_ECOLI,49,59,SESAANSLLGF,10,1095.5317,XylE E397Q,30,2,3,6.63916460446976,0.00314922698561219,548.949775671362,0.0280174539901797,0.683066320664375,0.0825060045921742,0.0683066320664375,0.00825060045921743,Not corrected,Discarded charge state
XYLE_ECOLI,49,59,SESAANSLLGF,10,1095.5317,XylE WT,0,2,5,6.63022841182981,0.00377476992355882,548.60824251103,0.0302792415748666,0,0,0,0,Not corrected,Discarded charge state
XYLE_ECOLI,49,59,SESAANSLLGF,10,1095.5317,XylE WT,0.5,2,3,6.62681850298637,0.00325100980283503,548.879633864682,0.0173127361495907,0.542782707305425,0.069758535057281,0.0542782707305425,0.0069758535057281,Not corrected,Discarded charge state
XYLE_ECOLI,49,59,SESAANSLLGF,10,1095.5317,XylE WT,5,2,3,6.63141023532226,0.00354408850628392,549.216316526864,0.0316541958501615,1.21614803166778,0.0876086887305023,0.121614803166778,0.00876086887305022,Not corrected,Discarded charge state
XYLE_ECOLI,49,59,SESAANSLLGF,10,1095.5317,XylE WT,30,2,3,6.62725199023487,0.00698629998394663,549.628555704573,0.0282780785946854,2.04062638708643,0.0828609002933551,0.204062638708643,0.00828609002933552,Not corrected,Discarded charge state
XYLE_ECOLI,71,88,GGALGGYCSNRFGRRDSL,17,1885.9086,XylE E397Q,0,2,2,5.90797774595022,0.168270149950245,943.698718885786,0.0143547525481112,0,0,0,0,Not corrected,Missing timepoint (AxB intersect)
XYLE_ECOLI,71,88,GGALGGYCSNRFGRRDSL,17,1885.9086,XylE E397Q,5,2,1,5.695756,0,945.218801,0,3.04016422842907,0.0287095050962224,0.178833189907592,0.00168879441742484,Not corrected,Missing timepoint (AxB intersect)
XYLE_ECOLI,95,104,FFISGVGSAW,9,1070.5306,XylE E397Q,0,2,5,7.29621805455121,0.00237090070579309,536.015360912539,0.0429751517135057,0,0,0,0,Not corrected,Discarded charge state
XYLE_ECOLI,95,104,FFISGVGSAW,9,1070.5306,XylE E397Q,0.5,2,3,7.29104107969863,0.00929637563816346,536.046910578352,0.060976270723093,0.0630993316254074,0.14919744308928,0.00701103684726748,0.0165774936765867,Not corrected,Discarded charge state
XYLE_ECOLI,95,104,FFISGVGSAW,9,1070.5306,XylE E397Q,5,2,3,7.29519009046521,0.00401140883008052,536.027946862422,0.0172031309367618,0.0251718997652906,0.0925810213559173,0.00279687775169895,0.0102867801506575,Not corrected,Discarded charge state
XYLE_ECOLI,95,104,FFISGVGSAW,9,1070.5306,XylE E397Q,30,2,3,7.29974580277146,0.00520034077878733,536.03970578229,0.0583448482964593,0.0486897395010301,0.144927360943828,0.00540997105567002,0.0161030401048698,Not corrected,Discarded charge state
XYLE_ECOLI,95,104,FFISGVGSAW,9,1070.5306,XylE WT,0,2,5,7.29621805455121,0.00237090070579309,536.015360912539,0.0429751517135057,0,0,0,0,Not corrected,Discarded charge state
XYLE_ECOLI,95,104,FFISGVGSAW,9,1070.5306,XylE WT,0.5,2,3,7.2875755614149,0.003168120603907,536.028226567125,0.0638533317708316,0.0257313091717865,0.153936501753609,0.00285903435242071,0.017104055750401,Not corrected,Discarded charge state
XYLE_ECOLI,95,104,FFISGVGSAW,9,1070.5306,XylE WT,5,2,3,7.29260881119492,0.00212129374411341,535.942903268743,0.0319932385159234,-0.144915287592888,0.107152806319491,-0.0161016986214321,0.0119058673688324,Not corrected,Discarded charge state
XYLE_ECOLI,95,104,FFISGVGSAW,9,1070.5306,XylE WT,30,2,3,7.29330419655635,0.00633578712649669,536.018827505824,0.0550226656336057,0.0069331865692577,0.139633196600614,0.000770354063250861,0.0155147996222904,Not corrected,Discarded charge state
XYLE_ECOLI,96,104,FISGVGSAW,8,923.4621,XylE E397Q,0,2,5,6.42794833815532,0.000802667996312687,462.441512945554,0.0456473180108858,0,0,0,0,Not corrected,Discarded charge state
XYLE_ECOLI,96,104,FISGVGSAW,8,923.4621,XylE E397Q,0.5,2,3,6.4285977093377,0.0113107292606503,462.417229428545,0.00995659654777475,-0.0485670340174134,0.0934411356181442,-0.00607087925217667,0.011680141952268,Not corrected,Discarded charge state
XYLE_ECOLI,96,104,FISGVGSAW,8,923.4621,XylE E397Q,5,2,3,6.43129592282528,0.0102518313487595,462.415655664559,0.0186800932721718,-0.0517145619889586,0.0986432669013751,-0.00646432024861982,0.0123304083626719,Not corrected,Discarded charge state
XYLE_ECOLI,96,104,FISGVGSAW,8,923.4621,XylE E397Q,30,2,3,6.44241753422926,0.0111677263523689,462.43870852341,0.0598945228245964,-0.00560884428849616,0.150612502880379,-0.00070110553606202,0.0188265628600474,Not corrected,Discarded charge state
XYLE_ECOLI,96,104,FISGVGSAW,8,923.4621,XylE WT,0,2,5,6.42794833815532,0.000802667996312687,462.441512945554,0.0456473180108858,0,0,0,0,Not corrected,Discarded charge state
XYLE_ECOLI,96,104,FISGVGSAW,8,923.4621,XylE WT,0.5,2,3,6.42399194167618,0.00549388160702096,462.412290335828,0.0116112992402273,-0.0584452194520729,0.0942019089325274,-0.00730565243150911,0.0117752386165659,Not corrected,Discarded charge state
XYLE_ECOLI,96,104,FISGVGSAW,8,923.4621,XylE WT,5,2,3,6.42658670842355,0.00664612820869973,462.388032916436,0.0254450405762425,-0.10696005823553,0.10452038521769,-0.0133700072794412,0.0130650481522112,Not corrected,Discarded charge state
XYLE_ECOLI,96,104,FISGVGSAW,8,923.4621,XylE WT,30,2,3,6.43111817915608,0.00837552749024064,462.387068112325,0.0295321654491134,-0.108889666458482,0.108735025409493,-0.0136112083073103,0.0135918781761866,Not corrected,Discarded charge state
XYLE_ECOLI,97,108,ISGVGSAWPELG,10,1172.5946,XylE E397Q,0,1,2,6.46400384262457,0.00658628461284324,1172.93618624217,0.0554795585469289,0,0,0,0,Not corrected,Unique to state (getCommon)
XYLE_ECOLI,97,108,ISGVGSAWPELG,10,1172.5946,XylE E397Q,0.5,1,2,6.46655486107692,0.00633986798452238,1173.12856209462,0.0406639023330774,0.192375852452396,0.0687861495471012,0.0192375852452396,0.00687861495471012,Not corrected,Unique to state (getCommon)
XYLE_ECOLI,97,108,ISGVGSAWPELG,10,1172.5946,XylE E397Q,5,1,3,6.46567291350146,0.00189985569871825,1173.0914526949,0.12539863384379,0.155266452732254,0.137123297752246,0.0155266452732254,0.0137123297752246,Not corrected,Unique to state (getCommon)
XYLE_ECOLI,97,108,ISGVGSAWPELG,10,1172.5946,XylE E397Q,30,1,2,6.46756379021734,0.00660157447451905,1173.34244265699,0.268444670494722,0.406256414819498,0.274117716562761,0.0406256414819498,0.027411771656276,Not corrected,Unique to state (getCommon)
XYLE_ECOLI,97,108,ISGVGSAWPELG,10,1172.5946,XylE WT,0,1,2,6.46400384262457,0.00658628461284324,1172.93618624217,0.0554795585469289,0,0,0,0,Not corrected,Missing timepoint (AxB intersect)
XYLE_ECOLI,97,108,ISGVGSAWPELG,10,1172.5946,XylE WT,0.5,1,2,6.4579599705208,0.00359436100270972,1172.95276375565,0.0224619035995174,0.016577513482071,0.0598541437987056,0.0016577513482071,0.00598541437987055,Not corrected,Missing timepoint (AxB intersect)
XYLE_ECOLI,97,108,ISGVGSAWPELG,10,1172.5946,XylE WT,30,1,3,6.46048684474215,0.00795844538413917,1172.99150412959,0.0273713503022133,0.0553178874235894,0.0618641433621171,0.00553178874235894,0.00618641433621171,Not corrected,Missing timepoint (AxB intersect)
XYLE_ECOLI,130,139,VIYRIIGGIG,9,1060.6513,XylE E397Q,0,2,5,5.7675103766617,0.00678474961048166,531.074704637397,0.0240037596948483,0,0,0,0,Not corrected,Discarded charge state
XYLE_ECOLI,130,139,VIYRIIGGIG,9,1060.6513,XylE E397Q,0.5,2,3,5.75628639236401,0.00491257561950322,531.100269431434,0.0182438007766649,0.0511295880747549,0.0602998091627713,0.00568106534163943,0.00669997879586348,Not corrected,Discarded charge state
XYLE_ECOLI,130,139,VIYRIIGGIG,9,1060.6513,XylE E397Q,5,2,3,5.76799766039677,0.0126726181802354,531.058501924159,0.0174547098268312,-0.0324054264751947,0.0593581460164281,-0.0036006029416883,0.00659534955738089,Not corrected,Discarded charge state
XYLE_ECOLI,130,139,VIYRIIGGIG,9,1060.6513,XylE E397Q,30,2,3,5.77006385571589,0.00544277137202479,531.103514052201,0.0241984746153228,0.0576188296090418,0.0681688096770493,0.00640209217878243,0.00757431218633881,Not corrected,Discarded charge state
XYLE_ECOLI,130,139,VIYRIIGGIG,9,1060.6513,XylE WT,0,2,5,5.7675103766617,0.00678474961048166,531.074704637397,0.0240037596948483,0,0,0,0,Not corrected,Discarded charge state
XYLE_ECOLI,130,139,VIYRIIGGIG,9,1060.6513,XylE WT,0.5,2,3,5.76555458540326,0.00698263540686326,531.097119568773,0.0241303333141906,0.0448298627511591,0.0680721224978907,0.0049810958612399,0.0075635691664323,Not corrected,Discarded charge state
XYLE_ECOLI,130,139,VIYRIIGGIG,9,1060.6513,XylE WT,5,2,3,5.76948537517481,0.00117448412445379,531.151090981548,0.0129595341624683,0.152772688301807,0.0545574928014918,0.0169747431446452,0.00606194364461019,Not corrected,Discarded charge state
XYLE_ECOLI,130,139,VIYRIIGGIG,9,1060.6513,XylE WT,30,2,3,5.7614187156473,0.00903083420814257,531.084494272203,0.0204486696002258,0.0195792696117024,0.0630659517618571,0.00217547440130027,0.00700732797353967,Not corrected,Discarded charge state
XYLE_ECOLI,133,142,RIIGGIGVGL,9,954.6095,XylE E397Q,0,2,5,5.79864392808189,0.00534598651992527,477.986205105826,0.0135918421813558,0,0,0,0,Not corrected,Discarded charge state
XYLE_ECOLI,133,142,RIIGGIGVGL,9,954.6095,XylE E397Q,0.5,2,3,5.79165963069628,0.00714819740211883,478.010101172373,0.0132836982877604,0.0477921330931233,0.0380102519898583,0.00531023701034703,0.00422336133220648,Not corrected,Discarded charge state
XYLE_ECOLI,133,142,RIIGGIGVGL,9,954.6095,XylE E397Q,5,2,3,5.80307353638596,0.0113220143480967,478.002875702248,0.0337451501295481,0.0333411928437835,0.0727591459858793,0.00370457698264261,0.0080843495539866,Not corrected,Discarded charge state
XYLE_ECOLI,133,142,RIIGGIGVGL,9,954.6095,XylE E397Q,30,2,3,5.80569850957173,0.00715783085712629,478.043200989844,0.000921115064121849,0.11399176803571,0.0272460365443663,0.0126657520039678,0.00302733739381848,Not corrected,Discarded charge state
XYLE_ECOLI,133,142,RIIGGIGVGL,9,954.6095,XylE WT,0,2,5,5.79864392808189,0.00534598651992527,477.986205105826,0.0135918421813558,0,0,0,0,Not corrected,Discarded charge state
XYLE_ECOLI,133,142,RIIGGIGVGL,9,954.6095,XylE WT,0.5,2,3,5.80550370006321,0.00817522587433989,478.064985593058,0.0204759504226273,0.157560974465078,0.0491529335683141,0.0175067749405642,0.00546143706314602,Not corrected,Discarded charge state
XYLE_ECOLI,133,142,RIIGGIGVGL,9,954.6095,XylE WT,5,2,3,5.79897542936395,0.00256868350668775,478.007601239503,0.0284253323221052,0.0427922673545838,0.0630154803680811,0.00475469637273152,0.0070017200408979,Not corrected,Discarded charge state
XYLE_ECOLI,133,142,RIIGGIGVGL,9,954.6095,XylE WT,30,2,3,5.79562260375654,0.0104621540851817,478.018446684116,0.0174305816186694,0.0644831565808924,0.0442069383444716,0.00716479517565471,0.00491188203827463,Not corrected,Discarded charge state
XYLE_ECOLI,185,193,IARSGDASW,8,962.469,XylE E397Q,0,2,5,4.73086129862341,0.00399132730375289,481.971642780285,0.00985865215279796,0,0,0,0,Not corrected,Discarded charge state
XYLE_ECOLI,185,193,IARSGDASW,8,962.469,XylE E397Q,0.5,2,3,4.72237262036195,0.00918802810090212,482.111209490936,0.0600843481136191,0.279133421300964,0.121775562581471,0.0348916776626205,0.0152219453226839,Not corrected,Discarded charge state
XYLE_ECOLI,185,193,IARSGDASW,8,962.469,XylE E397Q,5,2,3,4.72189304434386,0.00797824431549451,482.1185463094,0.0565022288597158,0.29380705822994,0.114711723697024,0.0367258822787424,0.0143389654621279,Not corrected,Discarded charge state
XYLE_ECOLI,185,193,IARSGDASW,8,962.469,XylE E397Q,30,2,3,4.72950904330115,0.00421791436121092,482.236784324422,0.0798609816049852,0.530283088274238,0.160934389179959,0.0662853860342797,0.0201167986474949,Not corrected,Discarded charge state
XYLE_ECOLI,185,193,IARSGDASW,8,962.469,XylE WT,0,2,5,4.73086129862341,0.00399132730375289,481.971642780285,0.00985865215279796,0,0,0,0,Not corrected,Discarded charge state
XYLE_ECOLI,185,193,IARSGDASW,8,962.469,XylE WT,0.5,2,3,4.7230766777223,0.00290953642674171,482.103377450727,0.0643525708115938,0.263469340883786,0.130206703242668,0.0329336676104733,0.0162758379053335,Not corrected,Discarded charge state
XYLE_ECOLI,185,193,IARSGDASW,8,962.469,XylE WT,5,2,3,4.73237470917186,0.00390806041041626,482.20335727695,0.0524747102365705,0.463428993330117,0.106785546525396,0.0579286241662646,0.0133481933156746,Not corrected,Discarded charge state
XYLE_ECOLI,185,193,IARSGDASW,8,962.469,XylE WT,30,2,3,4.72064756999034,0.0135519020029073,482.210914869246,0.0657996116099882,0.478544177921907,0.133068131576199,0.0598180222402384,0.0166335164470249,Not corrected,Discarded charge state
XYLE_ECOLI,241,248,RKIMGNTL,7,932.5346,XylE E397Q,0,2,5,4.21272631563606,0.014716307392443,467.047693230858,0.0399635836806184,0,0,0,0,Not corrected,Discarded charge state
XYLE_ECOLI,241,248,RKIMGNTL,7,932.5346,XylE E397Q,0.5,2,3,4.19569340535268,0.0117321901082265,468.121617345931,0.0702299294870522,2.14784823014644,0.161608551956313,0.306835461449492,0.023086935993759,Not corrected,Discarded charge state
XYLE_ECOLI,241,248,RKIMGNTL,7,932.5346,XylE E397Q,5,2,3,4.19918658917218,0.00881938987688501,468.435394537968,0.00350481657722275,2.77540261421859,0.0802339519115882,0.396486087745513,0.0114619931302269,Not corrected,Discarded charge state
XYLE_ECOLI,241,248,RKIMGNTL,7,932.5346,XylE E397Q,30,2,3,4.18927415779453,0.00717534106587161,468.592322639961,0.020144562052249,3.08925881820496,0.0895073494384612,0.441322688314994,0.0127867642054945,Not corrected,Discarded charge state
XYLE_ECOLI,241,248,RKIMGNTL,7,932.5346,XylE WT,0,2,5,4.21203364618999,0.0132063925751459,467.065235345768,0.00815328470202114,0,0,0,0,Not corrected,Discarded charge state
XYLE_ECOLI,241,248,RKIMGNTL,7,932.5346,XylE WT,0.5,2,3,4.20110269187152,0.00971877094254929,467.612239465812,0.0788760078191769,1.09400824008931,0.158592568059453,0.15628689144133,0.0226560811513505,Not corrected,Discarded charge state
XYLE_ECOLI,241,248,RKIMGNTL,7,932.5346,XylE WT,5,2,3,4.20456053481179,0.0104423743464648,467.989500079938,0.059920943194304,1.84852946834013,0.12094619439614,0.264075638334305,0.0172780277708771,Not corrected,Discarded charge state
XYLE_ECOLI,241,248,RKIMGNTL,7,932.5346,XylE WT,30,2,3,4.20222433469375,0.0131310793575966,468.343920408135,0.00280508812028063,2.55737012473553,0.0172446595553234,0.365338589247933,0.00246352279361762,Not corrected,Discarded charge state
XYLE_ECOLI,383,391,FAMSWGPVC,7,997.427,XylE E397Q,0,2,5,7.09767075576182,0.00317610630264195,499.396133081658,0.0170760195500276,0,0,0,0,Not corrected,Missing timepoint (AxB intersect)
XYLE_ECOLI,383,391,FAMSWGPVC,7,997.427,XylE E397Q,0.5,2,3,7.09469874277666,0.00862660005126046,499.478772363848,0.0579225644336801,0.165278564380647,0.120774399841138,0.0236112234829495,0.0172534856915911,Not corrected,Missing timepoint (AxB intersect)
XYLE_ECOLI,383,391,FAMSWGPVC,7,997.427,XylE E397Q,5,2,3,7.09832198781859,0.00243489765426698,499.411236814598,0.0262065328279056,0.0302074658809678,0.0625579029870094,0.00431535226870969,0.0089368432838585,Not corrected,Missing timepoint (AxB intersect)
XYLE_ECOLI,383,391,FAMSWGPVC,7,997.427,XylE WT,0,2,5,7.09767075576182,0.00317610630264195,499.396133081658,0.0170760195500276,0,0,0,0,Not corrected,Unique to state (getCommon)
XYLE_ECOLI,383,391,FAMSWGPVC,7,997.427,XylE WT,0.5,2,3,7.09149794753866,0.00249805619772787,499.520181882342,0.0642070743745383,0.24809760136851,0.132877971739644,0.0354425144812158,0.0189825673913777,Not corrected,Unique to state (getCommon)
XYLE_ECOLI,383,391,FAMSWGPVC,7,997.427,XylE WT,5,2,3,7.09906249094858,0.000651854112053183,499.462046356611,0.0470177721073635,0.13182654990619,0.100045216529585,0.0188323642723129,0.0142921737899407,Not corrected,Unique to state (getCommon)
XYLE_ECOLI,383,391,FAMSWGPVC,7,997.427,XylE WT,30,2,3,7.09724846469571,0.00635044768602349,499.444434429759,0.0704509576361882,0.0966026962031348,0.144981762653499,0.0138003851718764,0.0207116803790713,Not corrected,Unique to state (getCommon)
XYLE_ECOLI,430,435,DKNSWL,5,762.3781,XylE E397Q,0,2,5,5.76015658952007,0.00197185508836024,381.832356028423,0.0224838981621673,0,0,0,0,Not corrected,Discarded charge state
XYLE_ECOLI,430,435,DKNSWL,5,762.3781,XylE E397Q,0.5,2,3,5.75831823844499,0.00912833952171262,382.045726090028,0.0115865720040445,0.426740123210532,0.0505875212822932,0.0853480246421064,0.0101175042564586,Not corrected,Discarded charge state
XYLE_ECOLI,430,435,DKNSWL,5,762.3781,XylE E397Q,5,2,3,5.75962372526338,0.00306940030427617,382.054744454077,0.0179827117660245,0.444776851307808,0.0575813719540139,0.0889553702615616,0.0115162743908028,Not corrected,Discarded charge state
XYLE_ECOLI,430,435,DKNSWL,5,762.3781,XylE E397Q,30,2,3,5.75904228026044,0.00778901521762548,382.066436611888,0.0108991407922408,0.468161166930185,0.0499726703939582,0.0936322333860369,0.00999453407879162,Not corrected,Discarded charge state
XYLE_ECOLI,430,435,DKNSWL,5,762.3781,XylE WT,0,2,5,5.76015658952007,0.00197185508836023,381.832356028423,0.0224838981621673,0,0,0,0,Not corrected,Discarded charge state
XYLE_ECOLI,430,435,DKNSWL,5,762.3781,XylE WT,0.5,2,3,5.75721778612922,0.00251552690836649,382.104882081741,0.0292101816119292,0.545052106636615,0.0737227342512089,0.109010421327323,0.0147445468502418,Not corrected,Discarded charge state
XYLE_ECOLI,430,435,DKNSWL,5,762.3781,XylE WT,5,2,3,5.75558061848544,0.004483158393378,382.124690809605,0.0297100018445754,0.584669562364849,0.0745173774678466,0.11693391247297,0.0149034754935693,Not corrected,Discarded charge state
XYLE_ECOLI,430,435,DKNSWL,5,762.3781,XylE WT,30,2,3,5.75749731530367,0.00941386601916575,382.070317228512,0.0321757484195222,0.475922400178916,0.0785061644184225,0.0951844800357832,0.0157012328836845,Not corrected,Discarded charge state
XYLE_ECOLI,435,445,LVAHFHNGFSY,10,1291.6218,XylE E397Q,0,2,5,5.12389694357517,0.00291265897808591,646.662642484951,0.0171916011432635,0,0,0,0,Not corrected,Discarded charge state
XYLE_ECOLI,435,445,LVAHFHNGFSY,10,1291.6218,XylE E397Q,0.5,2,3,5.12741823209362,0.00768701578523102,646.678101246765,0.0523510012760951,0.0309175236269673,0.110203057752111,0.00309175236269673,0.0110203057752111,Not corrected,Discarded charge state
XYLE_ECOLI,435,445,LVAHFHNGFSY,10,1291.6218,XylE E397Q,5,2,3,5.12470384736553,0.00302994729507161,646.67070428625,0.0114208741302184,0.0161236025986263,0.0412789300136208,0.00161236025986263,0.00412789300136208,Not corrected,Discarded charge state
XYLE_ECOLI,435,445,LVAHFHNGFSY,10,1291.6218,XylE E397Q,30,2,3,5.12828446165511,0.0116120725649611,646.740521947911,0.0297927788626944,0.155758925919557,0.0687942097049009,0.0155758925919557,0.00687942097049008,Not corrected,Discarded charge state
XYLE_ECOLI,435,445,LVAHFHNGFSY,10,1291.6218,XylE WT,0,2,5,5.12389694357517,0.00291265897808591,646.662642484951,0.0171916011432635,0,0,0,0,Not corrected,Discarded charge state
XYLE_ECOLI,435,445,LVAHFHNGFSY,10,1291.6218,XylE WT,0.5,2,3,5.12663920637902,0.00854255635628002,646.686952284103,0.0243639260350035,0.0486195983047181,0.059637305160719,0.00486195983047181,0.0059637305160719,Not corrected,Discarded charge state
XYLE_ECOLI,435,445,LVAHFHNGFSY,10,1291.6218,XylE WT,5,2,3,5.12452543500426,0.011460991048141,646.684764142331,0.0340045618294794,0.0442433147591626,0.0762065974856232,0.00442433147591625,0.00762065974856232,Not corrected,Discarded charge state
XYLE_ECOLI,435,445,LVAHFHNGFSY,10,1291.6218,XylE WT,30,2,3,5.125173214057,0.00401396624892249,646.784914057582,0.0122439731328574,0.244543145261193,0.0422121322819491,0.0244543145261193,0.00422121322819491,Not corrected,Discarded charge state
XYLE_ECOLI,436,444,VAHFHNGFS,8,1015.4744,XylE WT,0,2,5,4.24214548905502,0.00302148294346919,508.492666719395,0.0274630527158584,0,0,0,0,Not corrected,Unique to state (getCommon)
XYLE_ECOLI,436,444,VAHFHNGFS,8,1015.4744,XylE WT,0.5,2,3,4.24399138014086,0.00901046290954903,508.534824857099,0.0381386086569662,0.0843162754073538,0.0939951644450549,0.0105395344259192,0.0117493955556319,Not corrected,Unique to state (getCommon)
XYLE_ECOLI,436,444,VAHFHNGFS,8,1015.4744,XylE WT,5,2,3,4.24559991613404,0.00351257061334884,508.532247142908,0.0422322993580238,0.0791608470255937,0.100752893229718,0.00989510587819921,0.0125941116537148,Not corrected,Unique to state (getCommon)
XYLE_ECOLI,436,444,VAHFHNGFS,8,1015.4744,XylE WT,30,2,3,4.24290749835543,0.00634072012552386,508.561092524639,0.0595074446711656,0.136851610487865,0.131077919357394,0.0171064513109832,0.0163847399196742,Not corrected,Unique to state (getCommon)
XYLE_ECOLI,436,445,VAHFHNGFSY,9,1178.5378,XylE E397Q,0,2,5,4.86861889154272,0.0119407541113941,590.113193462713,0.0406331998782397,0,0,0,0,Not corrected,Discarded charge state
XYLE_ECOLI,436,445,VAHFHNGFSY,9,1178.5378,XylE E397Q,0.5,2,3,4.86155912542985,0.0038457877396067,590.101049266748,0.0319589530268172,-0.0242883919293023,0.103391133293243,-0.00269871021436692,0.0114879036992492,Not corrected,Discarded charge state
XYLE_ECOLI,436,445,VAHFHNGFSY,9,1178.5378,XylE E397Q,5,2,3,4.86925070738103,0.0109658819270793,590.129198836526,0.0208567925323167,0.0320107476264259,0.0913468713658236,0.00355674973626954,0.0101496523739804,Not corrected,Discarded charge state
XYLE_ECOLI,436,445,VAHFHNGFSY,9,1178.5378,XylE E397Q,30,2,3,4.86656792221446,0.015473735836125,590.108956164778,0.00617474684694689,-0.00847459586822632,0.0821993778800998,-0.000941621763136255,0.00913326420889999,Not corrected,Discarded charge state
XYLE_ECOLI,436,445,VAHFHNGFSY,9,1178.5378,XylE WT,0,2,5,4.86861889154272,0.0119407541113941,590.113193462713,0.0406331998782397,0,0,0,0,Not corrected,Discarded charge state
XYLE_ECOLI,436,445,VAHFHNGFSY,9,1178.5378,XylE WT,0.5,2,3,4.87079451014035,0.00068240862688169,590.164824694317,0.0106643272312899,0.103262463209063,0.0840186838183273,0.0114736070232292,0.00933540931314748,Not corrected,Discarded charge state
XYLE_ECOLI,436,445,VAHFHNGFSY,9,1178.5378,XylE WT,5,2,3,4.87338244742491,0.00498619731793482,590.088741660858,0.0411920752709537,-0.0489036037088968,0.115721112982427,-0.00543373374543298,0.0128579014424919,Not corrected,Discarded charge state
XYLE_ECOLI,436,445,VAHFHNGFSY,9,1178.5378,XylE WT,30,2,3,4.86958831114238,0.00420535133101528,590.133843852074,0.0126380332445606,0.0413007787233374,0.0851064466802745,0.00458897541370416,0.00945627185336383,Not corrected,Discarded charge state
XYLE_ECOLI,436,446,VAHFHNGFSYW,10,1364.6171,XylE E397Q,0,3,5,6.05723029543506,0.00277661584557928,455.736029203305,0.0427705607374326,0,0,0,0,Not corrected,Discarded charge state
XYLE_ECOLI,436,446,VAHFHNGFSYW,10,1364.6171,XylE E397Q,0.5,3,3,6.05201717752378,0.00789245071270443,455.775022255017,0.0133491782900567,0.116979155137719,0.134416118234868,0.0116979155137719,0.0134416118234868,Not corrected,Discarded charge state
XYLE_ECOLI,436,446,VAHFHNGFSYW,10,1364.6171,XylE E397Q,5,3,3,6.05506179252465,0.00333698710200528,455.766278023488,0.0169410372714629,0.0907464605492514,0.138010421659531,0.00907464605492513,0.0138010421659532,Not corrected,Discarded charge state
XYLE_ECOLI,436,446,VAHFHNGFSYW,10,1364.6171,XylE E397Q,30,3,3,6.05700741993872,0.00549863573860751,455.793516745382,0.0157954751174109,0.172462626233249,0.136782166600041,0.017246262623325,0.0136782166600041,Not corrected,Discarded charge state
XYLE_ECOLI,436,446,VAHFHNGFSYW,10,1364.6171,XylE WT,0,3,5,6.05723029543506,0.00277661584557928,455.736029203305,0.0427705607374326,0,0,0,0,Not corrected,Discarded charge state
XYLE_ECOLI,436,446,VAHFHNGFSYW,10,1364.6171,XylE WT,0.5,3,3,6.05380704758981,0.00405864977467866,455.760116485527,0.0377106487359945,0.0722618466656136,0.171063511728626,0.00722618466656136,0.0171063511728626,Not corrected,Discarded charge state
XYLE_ECOLI,436,446,VAHFHNGFSYW,10,1364.6171,XylE WT,5,3,3,6.05420644344809,0.00265087082595555,455.789323030869,0.01054978408514,0.159881482691765,0.132157365630286,0.0159881482691765,0.0132157365630286,Not corrected,Discarded charge state
XYLE_ECOLI,436,446,VAHFHNGFSYW,10,1364.6171,XylE WT,30,3,3,6.05535445239306,0.00442748167207259,455.783463888616,0.00256918498849134,0.142304055934272,0.128542966340793,0.0142304055934272,0.0128542966340793,Not corrected,Discarded charge state
XYLE_ECOLI,458,472,FMWKFVPETKGKTLE,13,1840.9666,XylE E397Q,0,2,5,5.56958502804431,0.00724625558616335,921.334039004993,0.0679814354981912,0,0,0,0,Not corrected,Missing timepoint (AxB intersect)
XYLE_ECOLI,458,472,FMWKFVPETKGKTLE,13,1840.9666,XylE E397Q,0,3,5,5.56996636458762,0.00737555961994842,614.680217051605,0.0341849908226686,0,0,0,0,Not corrected,Discarded charge state
XYLE_ECOLI,458,472,FMWKFVPETKGKTLE,13,1840.9666,XylE E397Q,0.5,3,3,5.56595353786658,0.00718836664483485,615.395715073524,0.0405012771915104,2.146494065756,0.158999067497879,0.165114928135077,0.0122306974998368,Not corrected,Discarded charge state
XYLE_ECOLI,458,472,FMWKFVPETKGKTLE,13,1840.9666,XylE E397Q,5,3,3,5.57019710321502,0.00473905883359633,615.430900001822,0.0226002659923776,2.2520488506497,0.122940923147052,0.173234526973054,0.00945699408823476,Not corrected,Discarded charge state
XYLE_ECOLI,458,472,FMWKFVPETKGKTLE,13,1840.9666,XylE E397Q,30,2,1,5.577095,0,921.964878,0,1.26167799001481,0.135962870996382,0.0970521530780621,0.0104586823843371,Not corrected,Missing timepoint (AxB intersect)
XYLE_ECOLI,458,472,FMWKFVPETKGKTLE,13,1840.9666,XylE E397Q,30,3,3,5.56893047760312,0.00492110931731303,615.459645605626,0.0445627559539388,2.33828566206358,0.168493546884697,0.179868127851045,0.0129610420680536,Not corrected,Discarded charge state
XYLE_ECOLI,458,472,FMWKFVPETKGKTLE,13,1840.9666,XylE WT,0,2,5,5.56958502804431,0.00724625558616335,921.334039004993,0.0679814354981912,0,0,0,0,Not corrected,Missing timepoint (AxB intersect)
XYLE_ECOLI,458,472,FMWKFVPETKGKTLE,13,1840.9666,XylE WT,0,3,5,5.56996636458762,0.00737555961994842,614.680217051605,0.0341849908226686,0,0,0,0,Not corrected,Discarded charge state
XYLE_ECOLI,458,472,FMWKFVPETKGKTLE,13,1840.9666,XylE WT,0.5,2,1,5.564725,0,921.925296,0,1.18251399001482,0.135962870996382,0.0909626146165243,0.0104586823843371,Not corrected,Missing timepoint (AxB intersect)
XYLE_ECOLI,458,472,FMWKFVPETKGKTLE,13,1840.9666,XylE WT,0.5,3,3,5.57105810848731,0.00257494051773973,615.192737746765,0.0126993060700416,1.53756208547852,0.109402805036513,0.118274006575271,0.00841560038742404,Not corrected,Discarded charge state
XYLE_ECOLI,458,472,FMWKFVPETKGKTLE,13,1840.9666,XylE WT,5,3,3,5.57474934483988,0.00424249288773713,615.388990298229,0.00918160937394803,2.12631973987318,0.106189641369424,0.163563056913322,0.00816843395149415,Not corrected,Discarded charge state
XYLE_ECOLI,458,472,FMWKFVPETKGKTLE,13,1840.9666,XylE WT,30,3,3,5.57081356839397,0.00683150763788809,615.464457877959,0.095698811875524,2.35272247906227,0.304863716646371,0.180978652235559,0.0234510551266439,Not corrected,Discarded charge state
XYLE_ECOLI,459,474,MWKFVPETKGKTLEEL,14,1936.0248,XylE E397Q,0,2,5,5.5733818483723,0.00280472687732822,968.920118750564,0.164763715876529,0,0,0,0,Not corrected,Missing timepoint (AxB intersect)
XYLE_ECOLI,459,474,MWKFVPETKGKTLEEL,14,1936.0248,XylE E397Q,0,4,5,5.58558756357147,0.0107181490828214,485.12043520142,0.013912756134342,0,0,0,0,Not corrected,Discarded charge state
XYLE_ECOLI,459,474,MWKFVPETKGKTLEEL,14,1936.0248,XylE E397Q,0.5,4,3,5.57271924367763,0.00578611219388437,485.863453020549,0.0284077592437634,2.97207127651301,0.126526871043604,0.212290805465215,0.00903763364597166,Not corrected,Discarded charge state
XYLE_ECOLI,459,474,MWKFVPETKGKTLEEL,14,1936.0248,XylE E397Q,5,4,2,5.57535548340752,0.00443858797776601,486.046189191773,0.0191235705698182,3.703015961411,0.0945960451259978,0.264501140100786,0.00675686036614272,Not corrected,Discarded charge state
XYLE_ECOLI,459,474,MWKFVPETKGKTLEEL,14,1936.0248,XylE E397Q,30,2,1,5.570096,0,971.601337,0,5.36243649887104,0.329527431753058,0.383031178490789,0.023537673696647,Not corrected,Missing timepoint (AxB intersect)
XYLE_ECOLI,459,474,MWKFVPETKGKTLEEL,14,1936.0248,XylE E397Q,30,4,3,5.57770765540596,0.00611629159847272,486.121174345607,0.0160609611924517,4.0029565767446,0.0849959300370657,0.285925469767471,0.0060711378597904,Not corrected,Discarded charge state
XYLE_ECOLI,459,474,MWKFVPETKGKTLEEL,14,1936.0248,XylE WT,0,4,5,5.58558756357147,0.0107181490828214,485.12043520142,0.013912756134342,0,0,0,0,Not corrected,Discarded charge state
XYLE_ECOLI,459,474,MWKFVPETKGKTLEEL,14,1936.0248,XylE WT,0.5,4,3,5.57544563246487,0.00345654030102006,485.601048658765,0.0244132384273395,1.92245382937599,0.112397223721143,0.137318130669714,0.00802837312293879,Not corrected,Discarded charge state
XYLE_ECOLI,459,474,MWKFVPETKGKTLEEL,14,1936.0248,XylE WT,5,4,3,5.57851442201108,0.004925086116934,485.909911724604,0.0136923612528432,3.15790609273209,0.0780815512071354,0.225564720909435,0.00557725365765252,Not corrected,Discarded charge state
XYLE_ECOLI,459,474,MWKFVPETKGKTLEEL,14,1936.0248,XylE WT,30,4,3,5.57257313900642,0.00296047101538576,486.063174149201,0.0236279171943352,3.77095579112365,0.109679041147963,0.269353985080261,0.00783421722485451,Not corrected,Discarded charge state
