<?xml version="1.0" encoding="utf-8"?>
<ApplicationInstallerManifest>
   <DefaultInstallationDirectory>/Applications/Deuteros_2.0/</DefaultInstallationDirectory>
   <ApplicationName>Deuteros</ApplicationName>
   <ExecutableName>application/Deuteros.exe</ExecutableName>
   <GUID>fe48ddfa-5cc5-4a53-a6e4-799a7c0ce3f5</GUID>
   <ApplicationIcon>default_icon_48.png</ApplicationIcon>
   <Logo>default_logo.png</Logo>
   <Version>2.0</Version>
   <InstallationNotes>In the following directions, replace MR/v98 by the directory on the target machine where MATLAB is installed, or MR by the directory where the MATLAB Runtime is installed.

If the environment variable DYLD_LIBRARY_PATH is undefined, set it to the following string:

MR/v98/runtime/maci64:MR/v98/sys/os/maci64:MR/v98/bin/maci64

If it is defined, set it to the following:

${DYLD_LIBRARY_PATH}:MR/v98/runtime/maci64:MR/v98/sys/os/maci64:MR/v98/bin/maci64
</InstallationNotes>
   <Summary>Build: 20200510_mac</Summary>
   <WelcomePanelText>Deuteros 2.0
Build: 20200510_mac

Build 20200510_mac
- Fixed bug with back-exchange correction. Previous equation incorrectly uses centroid m/z values for m, m0 and m100. Equation has been fixed to instead use centroid mass.
- Fixed bug with kinetics plot where unique() was returning the wrong number of timepoints.
- Added barcode plots to the 'Coverage Plot' section.
- Fixed bug where exporting a coverage plot would save the plot in the wrong dimensions.

Andy Lau
andy.m.lau@ucl.ac.uk</WelcomePanelText>
   <MCRProducts>
      <MCRProduct>
         <ExternalProductIdentifier>35000</ExternalProductIdentifier>
      </MCRProduct>
      <MCRProduct>
         <ExternalProductIdentifier>35010</ExternalProductIdentifier>
      </MCRProduct>
      <MCRProduct>
         <ExternalProductIdentifier>35106</ExternalProductIdentifier>
      </MCRProduct>
      <MCRProduct>
         <ExternalProductIdentifier>35112</ExternalProductIdentifier>
      </MCRProduct>
      <MCRProduct>
         <ExternalProductIdentifier>35119</ExternalProductIdentifier>
      </MCRProduct>
   </MCRProducts>
</ApplicationInstallerManifest>