<?xml version="1.0" encoding="utf-8"?>
<ApplicationInstallerManifest>
   <DefaultInstallationDirectory>/Applications/Deuteros_2.0/</DefaultInstallationDirectory>
   <ApplicationName>Deuteros</ApplicationName>
   <ExecutableName>application/Deuteros.exe</ExecutableName>
   <GUID>f92bcccb-8e96-4ae5-9070-f78b72d26c4d</GUID>
   <ApplicationIcon>icon_48.png</ApplicationIcon>
   <Logo>default_logo.png</Logo>
   <Version>2.0</Version>
   <InstallationNotes>In the following directions, replace MR/v97 by the directory on the target machine where MATLAB is installed, or MR by the directory where the MATLAB Runtime is installed.

If the environment variable DYLD_LIBRARY_PATH is undefined, set it to the following string:

MR/v97/runtime/maci64:MR/v97/sys/os/maci64:MR/v97/bin/maci64

If it is defined, set it to the following:

${DYLD_LIBRARY_PATH}:MR/v97/runtime/maci64:MR/v97/sys/os/maci64:MR/v97/bin/maci64
</InstallationNotes>
   <AuthorOrganization>King's College London</AuthorOrganization>
   <Summary>Build: Deuteros_v2_20200308</Summary>
   <WelcomePanelText>Deuteros 2.0
Build: Deuteros_v2_20200308

Changes (08/03/2020):
- Added waitbar for data import 
- Fixed bug with data import getting stuck on removing variables from data table
- Fixed bug with redundancy calculation

Andy Lau
andy.lau@kcl.ac.uk</WelcomePanelText>
   <MCRProducts>
      <MCRProduct>
         <ExternalProductIdentifier>35000</ExternalProductIdentifier>
      </MCRProduct>
      <MCRProduct>
         <ExternalProductIdentifier>35010</ExternalProductIdentifier>
      </MCRProduct>
      <MCRProduct>
         <ExternalProductIdentifier>35106</ExternalProductIdentifier>
      </MCRProduct>
      <MCRProduct>
         <ExternalProductIdentifier>35117</ExternalProductIdentifier>
      </MCRProduct>
      <MCRProduct>
         <ExternalProductIdentifier>35119</ExternalProductIdentifier>
      </MCRProduct>
   </MCRProducts>
</ApplicationInstallerManifest>